latitude,era5_elevation_m,era5_land_elevation_m,era5_pressure_hpa,era5_land_pressure_hpa,era5_altitude_m,era5_land_altitude_m,elevation_difference_m,pressure_difference_hpa,altitude_difference_m,expected_pressure_difference_hpa,era5_land_available
35.5,280.61021769985166,344.0058519848293,980.519375,982.291875,559.0677374590439,638.6466097333551,63.39563428497763,1.7725000000000364,79.57887227431127,-7.077230008101612,True
35.50503355704698,277.64740529584657,337.26192788066516,980.8741401006711,982.6165394295301,559.273612299098,634.7980437338117,59.61452258481859,1.742399328859051,75.52443143471373,-6.658146072801599,True
35.51006711409396,274.6845928918415,330.5180037765011,981.2289052013422,982.9412038590604,559.4779467097903,630.9481678494678,55.8334108846596,1.7122986577181791,71.4702211396775,-6.238679067350874,True
35.51510067114094,271.72178048783223,323.77407967232745,981.5836703020136,983.2658682885908,559.6807415688149,627.0969827593842,52.05229918449521,1.6821979865771937,67.41624119056928,-5.818828885389765,True
35.52013422818792,268.75896808382714,317.0301555681633,981.9384354026847,983.5905327181212,559.8819977529606,623.2444891420614,48.27118748433617,1.6520973154364356,63.362491389100796,-5.39859542052102,True
35.5251677852349,265.79615567982205,310.2862314639992,982.2932005033556,983.9151971476512,560.081716138219,619.3906876753513,44.49007578417712,1.6219966442955638,59.308971537132265,-4.977978566306212,True
35.53020134228188,262.83334327581696,303.54230735983504,982.6479656040267,984.2398615771813,560.2798975997092,615.5355790365365,40.70896408401808,1.5918959731545783,55.25568143682733,-4.556978216268084,True
35.535234899328856,259.87053087181187,296.79838325567096,983.0027307046978,984.5645260067115,560.4765430116745,611.6791639023015,36.92785238385909,1.5617953020137065,51.20262089062703,-4.135594263889956,True
35.54026845637584,256.9077184678026,290.0544591514973,983.3574958053692,984.8891904362421,560.6716532475494,607.8214429487011,33.1467406836947,1.5316946308728348,47.14978970115169,-3.713826602615087,True
35.54530201342282,253.94490606379756,283.3105350473332,983.7122609060403,985.2138548657723,560.8652291799059,603.9624168512314,29.36562898353563,1.501593959731963,43.097187671325514,-3.291675125849062,True
35.5503355704698,250.98209365979244,276.56661094316905,984.0670260067113,985.5385192953024,561.0572716804686,600.1020862847608,25.584517283376613,1.4714932885910912,39.04481460429224,-2.869139726956206,True
35.55536912751678,248.01928125578738,269.8226868390049,984.4217911073824,985.8631837248325,561.2477816201017,596.2404519235799,21.80340558321754,1.4413926174501057,34.992670303478235,-2.4462202992619093,True
35.560402684563755,245.0564688517823,263.0787627348408,984.7765562080534,986.1878481543628,561.4367598688565,592.377514441361,18.022293883058467,1.4112919463093476,30.94075457250449,-2.022916736052055,True
35.56543624161074,242.09365644777304,256.33483863066715,985.131321308725,986.5125125838932,561.6242072959254,588.5132745111994,14.241182182894107,1.3811912751682485,26.88906721527394,-1.599228930572388,True
35.57046979865772,239.13084404376795,249.59091452650304,985.4860864093961,986.8371770134235,561.8101247696604,584.6477328056012,10.460070482735091,1.3510906040273767,22.837608035940775,-1.1751567760308754,True
35.5755033557047,236.1680316397629,242.8469904223389,985.840851510067,987.1618414429536,561.9945131575678,580.780889996457,6.678958782576018,1.3209899328866186,18.78637683888917,-0.7507001655941105,True
35.580536912751676,233.2052192357578,236.10306631817483,986.195616610738,987.4865058724837,562.1773733263152,576.9127467550801,2.89784708241703,1.2908892617456331,14.735373428764888,-0.3258589923897097,True
35.58557046979866,230.24240683174855,229.35914221400117,986.5503817114096,987.8111703020144,562.3587061417338,573.0433037521871,-0.8832646177473862,1.2607885906047613,10.684597610453238,0.09936685049496198,True
35.59060402684564,227.27959442774343,222.61521810983703,986.9051468120806,988.1358347315445,562.5385124688353,569.172561657886,-4.664376317906402,1.2306879194638896,6.6340491890507565,0.5249774700103351,True
35.59563758389262,224.31678202373837,215.8712940056729,987.2599119127517,988.4604991610747,562.7167931717668,565.300521141731,-8.445488018065475,1.2005872483230178,2.5837279699642295,0.9509729731483241,True
35.600671140939596,221.3539696197333,210.14136460628123,987.6146770134228,988.7071770134222,562.893549113858,561.7430832927639,-11.212605013452077,1.0924999999994043,-1.1504658210940306,1.2631265754524859,True
35.605704697986575,218.39115721572819,211.00240078777605,987.9694421140938,988.4469421140934,563.0687811575975,560.2384517340038,-7.388756427952131,0.47749999999962256,-2.830329423593753,0.8327462985366794,True
35.61073825503356,215.42834481171894,211.8634369692721,988.3242072147654,988.1867072147643,563.2424901646493,558.7338479008405,-3.564907842446843,-0.13750000000106866,-4.508642263808838,0.4019672109598948,True
35.61577181208054,212.46553240771382,212.72447315076693,988.6789723154365,987.9264723154355,563.414676995828,557.2292717244026,0.25894074305310255,-0.7525000000009641,-6.185405271425452,-0.029210811375435103,True
35.62080536912752,209.50272000370876,213.58550933226178,989.0337374161073,987.6662374161067,563.5853425111368,555.724723135744,4.0827893285530195,-1.367500000000632,-7.860619375392844,-0.46078789262017356,True
35.625838926174495,206.5399075997037,214.4465455137566,989.3885025167784,987.4060025167779,563.7544875697524,554.2202020658398,7.906637914052908,-1.9825000000005275,-9.534285503912656,-0.8927641569761058,True
35.630872483221474,203.5770951956986,215.30758169525143,989.7432676174494,987.1457676174491,563.9221130299917,552.7157084456292,11.730486499552825,-2.5975000000003092,-11.20640458436253,-1.3251397286965703,True
35.63590604026846,200.61428279168936,216.16861787674748,990.098032718121,986.8855327181201,564.0882197493886,551.2112422059433,15.554335085058113,-3.2125000000008868,-12.876977543445264,-1.757914732087077,True
35.64093959731544,197.65147038768427,217.02965405824233,990.4527978187921,986.6252978187913,564.2528085846199,549.7068032775846,19.37818367055806,-3.827500000000782,-14.546005307035216,-2.19108929150292,True
35.645973154362416,194.68865798367918,217.89069023973715,990.8075629194631,986.3650629194625,564.4158803915512,548.2023915912506,23.202032256057976,-4.442500000000564,-16.213488800300638,-2.6246635313528324,True
35.651006711409394,191.72584557967411,218.75172642123204,991.1623280201342,986.1048280201337,564.5774360252038,546.6980070776015,27.02588084155792,-5.057500000000459,-17.879428947602378,-3.0586375760966087,True
35.65604026845637,188.76303317566902,219.61276260272686,991.517093120805,985.8445931208049,564.7374763398111,545.1936496671894,30.849729427057838,-5.672500000000127,-19.543826672621663,-3.49301155024571,True
35.66107382550336,185.80022077165975,220.4737987842229,991.8718582214767,985.5843582214757,564.8960021887542,543.6893192905426,34.673578012563155,-6.287500000001046,-21.206682898211625,-3.927785578363929,True
35.66610738255034,182.8374083676547,221.33483496571773,992.2266233221478,985.3241233221471,565.0530144245988,542.185015878098,38.49742659806304,-6.902500000000714,-22.867998546500758,-4.362959785064945,True
35.671140939597315,179.8745959636496,222.19587114721259,992.5813884228187,985.0638884228183,565.2085138991116,540.6807393602096,42.32127518356299,-7.517500000000382,-24.52777453890201,-4.798534295016051,True
35.67617449664429,176.9117835596445,223.0569073287074,992.9361535234898,984.8036535234895,565.362501463226,539.1764896671839,46.145123769062906,-8.132500000000277,-26.186011796042067,-5.234509232935699,True
35.68120805369127,173.94897115563944,223.91794351020226,993.2909186241609,984.5434186241607,565.5149779670585,537.6722667292408,49.96897235456282,-8.747500000000173,-27.84271123781764,-5.670884723594164,True
35.68624161073826,170.98615875163017,224.77897969169828,993.6456837248323,984.2831837248315,565.6659442598955,536.1680704765556,53.79282094006811,-9.362500000000864,-29.497873783339855,-6.10766089181418,True
35.691275167785236,168.02334634762508,225.64001587319314,994.0004488255034,984.0229488255027,565.8154011902395,534.6639008392033,57.61666952556806,-9.97750000000076,-31.151500351036248,-6.544837862468506,True
35.696308724832214,165.06053394362,226.50105205468796,994.3552139261744,983.7627139261739,565.963349605755,533.1597577472168,61.44051811106797,-10.592500000000541,-32.8035918585382,-6.9824157604836286,True
35.70134228187919,162.09772153961492,227.04173465488185,994.7099790268455,983.6340226510071,566.1097903532949,532.5139418800156,64.94401311526693,-11.075956375838473,-33.59584847327926,-7.3839648358655765,True
35.70637583892618,159.13490913560565,226.7014449065062,995.0647441275171,983.8670763422825,566.254724278923,534.2279284067306,67.56653577090054,-11.197667785234557,-32.02679587219245,-7.685651982044174,True
35.711409395973156,156.1720967316006,226.361155158131,995.4195092281881,984.1001300335577,566.3981522278604,535.9410714333676,70.18905842653041,-11.319379194630415,-30.457080794492754,-7.987612582101082,True
35.716442953020135,153.2092843275955,226.02086540975577,995.7742743288591,984.3331837248328,566.5400750445311,537.6533712589144,72.81158108216027,-11.441090604026272,-28.88670378561676,-8.289846718604748,True
35.72147651006711,150.24647192359043,225.68057566138057,996.12903942953,984.5662374161079,566.6804935725695,539.364828182215,75.43410373779014,-11.562802013422129,-27.315665390354525,-8.592354474156435,True
35.72651006711409,147.28365951958534,225.34028591300537,996.4838045302012,984.7992911073829,566.8194086547751,541.0754425018874,78.05662639342003,-11.684513422818213,-25.74396615288765,-8.895135931390675,True
35.73154362416108,144.32084711557607,224.99999616462972,996.8385696308727,985.0323447986583,566.9568211331504,542.7852145163849,80.67914904905365,-11.806224832214411,-24.171606616765416,-9.19819117297569,True
35.736577181208055,141.35803471157098,224.65970641625452,997.1933347315437,985.2653984899334,567.0927318489064,544.4941445239767,83.30167170468354,-11.927936241610269,-22.598587324929667,-9.501520281611729,True
35.741610738255034,138.39522230756592,224.3194166678793,997.5480998322148,985.4984521812086,567.2271416424185,546.2022328227256,85.92419436031338,-12.04964765100624,-21.024908819692882,-9.805123340033619,True
35.74664429530201,135.43240990356082,223.9791269195041,997.9028649328859,985.7315058724837,567.3600513532938,547.9094797105301,88.54671701594327,-12.17135906040221,-19.450571642763634,-10.109000431009111,True
35.75167785234899,132.9768357395151,223.6388371711289,998.1978984899329,985.9645595637588,567.4765033900991,549.6158854850939,90.66200143161379,-12.233338926174042,-17.860617905005142,-10.354529330360187,True
35.756711409395976,131.53573805538826,223.2985474227532,998.3734689597317,986.1976132550342,567.5622753193129,551.3214504439358,91.76280936736492,-12.175855704697483,-16.240824875377143,-10.48294840532844,True
35.761744966442954,130.09464037126344,222.958257674378,998.5490394295302,986.4306669463092,567.6476518505192,553.0261748843805,92.86361730311455,-12.118372483221037,-14.621476966138744,-10.611432596326935,True
35.76677852348993,128.6535426871386,222.6179679260028,998.7246098993288,986.6637206375843,567.7326330912637,554.7300591035771,93.96442523886418,-12.060889261744478,-13.00257398768656,-10.739981919240096,True
35.77181208053691,127.21244500301378,222.2776781776276,998.9001803691275,986.8967743288595,567.8172191490489,556.4331033984909,95.06523317461381,-12.003406040268032,-11.384115750558067,-10.86859638995733,True
35.77684563758389,125.77134731888896,221.9373884292524,999.0757508389261,987.1298280201346,567.9014101313301,558.1353080658921,96.16604111036344,-11.945922818791473,-9.766102065437963,-10.997276024373216,True
35.781879194630875,124.3302496347621,221.5970986808767,999.2513213087249,987.36288171141,567.9852061454841,559.8366734023865,97.26684904611461,-11.888439597314914,-8.148532743097576,-11.126020838387682,True
35.78691275167785,122.88915195063728,221.2568089325015,999.4268917785236,987.5959354026851,568.0686072988777,561.5371997043665,98.36765698186423,-11.830956375838468,-6.531407594511279,-11.25483084790529,True
35.79194630872483,121.44805426651244,220.91651918412632,999.6024622483221,987.8289890939601,568.1516136987949,563.2368872680487,99.46846491761387,-11.773473154362023,-4.914726430746214,-11.383706068836316,True
35.79697986577181,120.00695658238763,220.57622943575112,999.7780327181207,988.0620427852352,568.2342254524752,564.9357363894865,100.56927285336349,-11.715989932885464,-3.2984890629887786,-11.512646517096039,True
35.80201342281879,118.56585889826279,217.74460625683832,999.9536031879194,988.5071098993299,568.3164426671322,566.0341459640853,99.17874735857554,-11.446493288589522,-2.2822967030468817,-11.35631144643262,True
35.807046979865774,117.12476121413594,211.17598293213192,1000.1291736577182,989.2701971476528,568.3982654498903,566.2292227812237,94.05122171799597,-10.858976510065418,-2.169042668666634,-10.771786993404259,True
35.81208053691275,115.68366353001113,204.60735960743477,1000.3047441275168,990.0332843959748,568.4796939078543,566.419049008857,88.92369607742364,-10.271459731541995,-2.0606448989973387,-10.186979903701433,True
35.81711409395973,114.24256584588629,198.03873628273766,1000.4803145973154,990.7963716442966,568.5607281480764,566.6036315051781,83.79617043685137,-9.6839429530188,-1.9570966428982501,-9.601890121878963,True
35.82214765100671,112.80146816176148,191.47011295804052,1000.655885067114,991.5594588926185,568.6413682775337,566.7829771138631,78.66864479627904,-9.096426174495491,-1.8583911636706034,-9.016517592477982,True
35.827181208053695,111.36037047763462,184.9014896333341,1000.8314555369128,992.3225461409415,568.721614403176,566.9570926640762,73.54111915569949,-8.508909395971273,-1.7645217390997914,-8.430862260024295,True
35.83221476510067,109.9192727935098,178.332866308637,1001.0070260067115,993.0856333892635,568.8014666319121,567.1259849705125,68.41359351512719,-7.921392617447964,-1.6754816613996582,-7.84492406903168,True
35.83724832214765,108.47817510938498,171.76424298393985,1001.1825964765101,993.8487206375853,568.8809250705584,567.2896608334382,63.286067874554874,-7.333875838924769,-1.5912642371201855,-7.2587029639969085,True
35.84228187919463,107.03707742526016,165.1956196592427,1001.3581669463086,994.6118078859073,568.9599898259277,567.4481270387739,58.158542233982544,-6.746359060401346,-1.5118627871537456,-6.672198889403058,True
35.84731543624161,105.59597974113532,158.62699633454557,1001.5337374161073,995.3748951342292,569.0386610047655,567.6013903580587,53.03101659341024,-6.158842281878151,-1.4372706467067928,-6.085411789718691,True
35.852348993288594,104.15488205700846,152.0583730098392,1001.7093078859061,996.1379823825522,569.1169387137595,567.749457548568,47.90349095283072,-5.571325503353933,-1.3674811651915206,-5.498341609396996,True
35.85738255033557,102.71378437288365,145.48974968514204,1001.8848783557047,996.9010696308741,569.1948230595469,567.892335353305,42.77596531225839,-4.983808724830624,-1.302487706241891,-4.910988292879109,True
35.86241610738255,101.27268668875882,138.9211263604449,1002.0604488255034,997.6641568791961,569.2723141487332,568.0300305010607,37.64843967168608,-4.396291946307315,-1.2422836476725934,-4.323351784589156,True
35.86744966442953,99.83158900463401,132.3525030357478,1002.236019295302,998.427244127518,569.3494120878487,568.1625497064666,32.520914031113776,-3.808775167784006,-1.1868623813820705,-3.7354320289375362,True
35.87248322147651,98.39049132050918,125.78387971105064,1002.4115897651005,999.1903313758398,569.4261169833978,568.2898996700002,27.39338839054146,-3.221258389260697,-1.1362173133976512,-3.147228970320095,True
35.87751677852349,96.94939363638233,119.21525638634424,1002.5871602348994,999.9534186241629,569.5024289418271,568.4120870780611,22.26586274996191,-2.6337416107365925,-1.0903418637660707,-2.558742553117298,True
35.88255033557047,95.5082959522575,112.64663306164712,1002.762730704698,1000.7165058724847,569.578348069522,568.5291186029933,17.138337109389624,-2.0462248322132837,-1.0492294665286863,-1.9699727216975431,True
35.88758389261745,94.06719826813267,106.07800973694998,1002.9383011744966,1001.4795931208067,569.6538744728266,568.6410009031455,12.010811468817309,-1.4587080536898611,-1.012873569681119,-1.3809194204121635,True
35.89261744966443,92.62610058400786,99.50938641225284,1003.1138716442953,1002.2426803691286,569.7290082580504,568.747740622872,6.883285828244979,-0.871191275166666,-0.9812676351783693,-0.7915825935987618,True
35.897651006711406,91.18500289988305,92.94076308755571,1003.2894421140938,1003.0057676174505,569.8037495314263,568.8493443926203,1.7557601876726636,-0.2836744966433571,-0.9544051388060097,-0.20196218558036666,True
35.90268456375839,89.74390521575619,88.32175941213484,1003.4650125838926,,569.8780983991494,,-1.4221458036213477,,,,False
35.90771812080537,88.30280753163134,85.40867292983194,1003.6405830536913,,569.9520549673643,,-2.894134601799408,,,,False
35.91275167785235,86.86170984750653,82.49558644752905,1003.8161535234899,,570.0256193421742,,-4.366123399977482,,,,False
35.91778523489933,85.4206121633817,79.58249996522616,1003.9917239932885,,570.0987916296168,,-5.838112198155542,,,,False
35.922818791946305,83.97951447925688,76.66941348292326,1004.1672944630872,,570.171571935705,,-7.310100996333617,,,,False
35.92785234899329,82.53841679513003,73.75632700061627,1004.342864932886,,570.2439603663722,,-8.782089794513766,,,,False
35.93288590604027,81.0973191110052,70.84324051831337,1004.5184354026845,,570.315957027523,,-10.25407859269184,,,,False
35.93791946308725,79.65622142688038,67.93015403601048,1004.6940058724832,,570.3875620249986,,-11.7260673908699,,,,False
35.942953020134226,78.21512374275555,65.01706755370759,1004.8695763422818,,570.4587754646068,,-13.19805618904796,,,,False
35.94798657718121,76.7740260586287,62.10398107140058,1005.0451468120806,,570.5295974520973,,-14.670044987228124,,,,False
35.95302013422819,75.33292837450388,59.19089458909769,1005.2207172818794,,570.600028093159,,-16.14203378540619,,,,False
35.95805369127517,73.89183069037905,56.277808106794794,1005.3962877516778,,570.6700674934598,,-17.61402258358426,,,,False
35.96308724832215,72.45073300625423,53.36472162449191,1005.5718582214764,,570.7397157585823,,-19.08601138176232,,,,False
35.968120805369125,71.00963532212941,50.451635142189005,1005.7474286912751,,570.808972994104,,-20.558000179940407,,,,False
35.97315436241611,69.56853763800255,47.53854865988201,1005.922999161074,,570.8778393055036,,-22.029988978120542,,,,False
35.97818791946309,68.12743995387773,44.62546217757912,1006.0985696308725,,570.9463147982502,,-23.50197777629861,,,,False
35.98322147651007,66.68634226975291,41.71237569527622,1006.2741401006712,,571.014399577751,,-24.97396657447669,,,,False
35.988255033557046,65.24524458562809,38.799289212973335,1006.4497105704697,,571.0820937493481,,-26.44595537265475,,,,False
35.993288590604024,63.80414690150326,35.88620273067043,1006.6252810402683,,571.1493974183588,,-27.917944170832826,,,,False
35.99832214765101,62.36304921737641,32.97311624836343,1006.8008515100671,,571.2163106900418,,-29.389932969012975,,,,False
36.00335570469799,62.43446464028405,35.415296715253135,1006.799106543624,,571.2862334914222,,-27.019167925030914,,,,False
36.008389261744966,63.262136616706314,40.53511065671645,1006.7087038590603,,571.3576524771668,,-22.727025959989867,,,,False
36.013422818791945,64.0898085931286,45.65492459817977,1006.6183011744968,,571.4289050212423,,-18.434883994948827,,,,False
36.01845637583892,64.91748056955088,50.77473853964308,1006.527898489933,,571.4999911024323,,-14.142742029907794,,,,False
36.02348993288591,65.7451525459743,55.89455248111363,1006.437495805369,,571.5709106994888,,-9.850600064860679,,,,False
36.02852348993289,66.57282452239659,61.01436642257694,1006.3470931208053,,571.641663791177,,-5.558458099819646,,,,False
36.033557046979865,67.40049649881887,66.13418036404026,1006.2566904362416,,571.7122503562439,,-1.2663161347786058,,,,False
36.038590604026844,68.22816847524115,71.25399430550358,1006.1662877516778,,571.7826703734422,,3.025825830262434,,,,False
36.04362416107382,69.05584045166341,76.37380824696689,1006.0758850671141,,571.8529238215119,,7.317967795303474,,,,False
36.04865771812081,69.88351242808686,81.49362218843744,1005.9854823825502,,571.9230106792023,,11.610109760350582,,,,False
36.053691275167786,70.71118440450914,86.61343612990076,1005.8950796979865,,571.9929309252354,,15.902251725391622,,,,False
36.058724832214764,71.5388563809314,91.73325007136407,1005.8046770134227,,572.0626845383451,,20.194393690432662,,,,False
36.06375838926174,72.36652835735369,96.85306401282739,1005.714274328859,,572.1322714972507,,24.486535655473702,,,,False
36.06879194630872,73.19420033377597,101.97287795429071,1005.6238716442954,,572.2016917806799,,28.778677620514742,,,,False
36.07382550335571,74.0218723101994,107.09269189576125,1005.5334689597315,,572.2709453673478,,33.07081958556185,,,,False
36.078859060402685,74.8495442866217,112.21250583722457,1005.4430662751678,,572.340032235944,,37.362961550602876,,,,False
36.08389261744966,75.67721626304396,117.33231977868788,1005.352663590604,,572.4089523651995,,41.655103515643916,,,,False
36.08892617449664,76.50488823946623,122.4521337201512,1005.2622609060403,,572.4777057337899,,45.94724548068497,,,,False
36.09395973154363,77.33256021588969,127.57194766162175,1005.1718582214764,,572.5462923204211,,50.23938744573206,,,,False
36.098993288590606,78.16023219231195,132.69176160308507,1005.0814555369127,,572.6147121037818,,54.53152941077312,,,,False
36.104026845637584,78.98790416873423,136.41741875726328,1004.991052852349,1001.4652307046974,572.682965062552,599.1040437759515,57.429514588529045,-3.5258221476515246,26.421078713399538,-6.614035328995645,True
36.10906040268456,79.8155761451565,139.79453671462326,1004.9006501677852,1000.96942533557,572.7510511754176,598.1860987226561,59.978960569466764,-3.9312248322152072,25.43504754723847,-6.9062671102754125,True
36.11409395973154,80.64324812157878,143.17165467198322,1004.8102474832215,1000.4736199664426,572.8189704210524,597.2650780263347,62.52840655040444,-4.33662751677889,24.446107605282236,-7.198381680782559,True
36.119127516778526,81.47092009800222,146.54877262934798,1004.7198447986577,999.9778145973146,572.886722778118,596.3409793188353,65.07785253134575,-4.742030201343141,23.45425654071721,-7.4903790792577825,True
36.124161073825505,82.2985920744245,149.92589058670796,1004.629442114094,999.4820092281873,572.9543082252806,595.4138002288366,67.62729851228346,-5.14743288590671,22.45949200355608,-7.78225934442346,True
36.12919463087248,83.12626405084679,153.30300854406792,1004.5390394295302,998.9862038590599,573.0217267412067,594.4835383818464,70.17674449322114,-5.552835570470393,21.461811640639667,-8.074022514986149,True
36.13422818791946,83.95393602726905,156.6801265014279,1004.4486367449665,998.4903984899325,573.0889783045394,593.5501914002707,72.72619047415886,-5.958238255033962,20.461213095731296,-8.365668629634957,True
36.13926174496644,84.78160800369132,160.0572444587879,1004.3582340604028,997.9945931208052,573.1560628939388,592.6137569033159,75.27563645509657,-6.363640939597531,19.457694009377065,-8.657197727041929,True
36.144295302013425,85.60927998011478,163.43436241615265,1004.2678313758389,997.4987877516771,573.222980488044,591.6742325070325,77.82508243603787,-6.769043624161782,18.451252018988498,-8.948609845862492,True
36.149328859060404,86.43695195653704,166.81148037351264,1004.1774286912752,997.0029823825497,573.2897310655078,590.731615824294,80.3745284169756,-7.174446308725464,17.44188475878616,-9.239905024733826,True
36.15436241610738,87.26462393295932,170.18859833087262,1004.0870260067114,996.5071770134223,573.3563146049431,589.7859044648142,82.9239743979133,-7.579848993289147,16.429589859871044,-9.53108330227732,True
36.15939597315436,88.0922959093816,173.5657162882326,1003.9966233221477,996.011371644295,573.4227310849801,588.8370960350953,85.473420378851,-7.985251677852716,15.414364950115214,-9.822144717096954,True
36.16442953020134,88.91996788580387,176.9428342455926,1003.9062206375839,995.5155662751677,573.4889804842662,587.8851881384826,88.02286635978872,-8.390654362416285,14.396207654216369,-10.11308930777971,True
36.169463087248324,89.74763986222732,180.31995220295732,1003.8158179530202,995.0197609060396,573.5550627814067,586.9301783750957,90.57231234073001,-8.79605704698065,13.375115593688975,-10.403917112895988,True
36.1744966442953,90.5753118386496,183.6970701603173,1003.7254152684565,994.5239555369122,573.6209779550111,585.9720643418685,93.12175832166771,-9.201459731544219,12.351086386857446,-10.694628170997985,True
36.17953020134228,91.40298381507188,187.0741881176773,1003.6350125838927,994.0281501677849,573.6867259837,585.0108436325265,95.67120430260542,-9.606862416107788,11.324117648826586,-10.985222520622175,True
36.18456375838926,92.23065579149414,190.45130607503728,1003.544609899329,993.5323447986574,573.7523068460696,584.0465138375853,98.22065028354314,-10.012265100671584,10.294206991515694,-11.275700200287636,True
36.189597315436245,93.05832776791759,193.82842403240204,1003.454207214765,993.0365394295294,573.8177205207152,583.0790725443178,100.77009626448445,-10.417667785235608,9.261352023602626,-11.566061248496926,True
36.19463087248322,93.88599974433986,197.20554198976203,1003.3638045302013,992.540734060402,573.8829669862457,582.1085173368049,103.31954224542217,-10.82307046979929,8.22555035055916,-11.856305703734437,True
36.1996644295302,94.71367172076214,200.582659947122,1003.2734018456375,992.0449286912747,573.9480462212412,581.1348457958811,105.86898822635987,-11.22847315436286,7.186799574639963,-12.146433604468841,True
36.20469798657718,95.54134369718442,200.30252242699126,1003.1829991610738,992.0151635906041,574.0129582042973,580.6646407639088,104.76117872980684,-11.16783557046972,6.651682559611459,-12.016657847678966,True
36.20973154362416,96.3690156736067,199.76115237275798,1003.09259647651,992.0186870805369,574.0777029139774,580.230528413244,103.39213669915128,-11.073909395973146,6.152825499266555,-11.856962197424211,True
36.214765100671144,97.19668765003013,199.21978231852395,1003.0021937919462,992.0222105704697,574.1422803288738,579.7964284833422,102.02309466849383,-10.97998322147646,5.65414815446843,-11.697337676865951,True
36.21979865771812,98.02435962645241,198.67841226429064,1002.9117911073824,992.0257340604028,574.2066904275415,579.3623409741607,100.65405263783823,-10.886057046979658,5.155650546619199,-11.537784257390314,True
36.2248322147651,98.85203160287469,198.1370422100574,1002.8213884228188,992.0292575503356,574.2709331885476,578.9282658856454,99.2850106071827,-10.792130872483199,4.657332697097786,-11.378301910398124,True
36.22986577181208,99.67970357929697,197.59567215582413,1002.7309857382551,992.0327810402684,574.3350085904545,578.4942032177316,97.91596857652716,-10.698204697986625,4.159194627277088,-11.218890607305745,True
36.23489932885906,100.50737555571924,197.05430210159082,1002.6405830536913,992.0363045302013,574.3989166118126,578.0601529703758,96.54692654587159,-10.604278523490052,3.661236358563201,-11.059550319544881,True
36.23993288590604,101.33504753214268,196.5129320473568,1002.5501803691275,992.0398280201343,574.4626572311806,577.6261151435234,95.17788451521412,-10.510352348993138,3.1634579123427784,-10.900281018562325,True
36.24496644295302,102.16271950856495,195.97156199312352,1002.4597776845637,992.0433515100672,574.5262304271007,577.1920897371216,93.80884248455857,-10.416426174496564,2.665859310020892,-10.741082675820843,True
36.25,102.99039148498723,195.43019193889026,1002.369375,992.046875,574.5896361781166,576.7580767511056,92.43980045390303,-10.322499999999991,2.1684405729889704,-10.581955262797827,True
